{
  "LogisticRegression": {
    "accuracy": 0.8198529411764706,
    "f1": 0.5420560747663551,
    "roc_auc": 0.8516388729154687
  },
  "RandomForest": {
    "accuracy": 0.8382352941176471,
    "f1": 0.47619047619047616,
    "roc_auc": 0.8464634847613571
  },
  "XGBoost": {
    "accuracy": 0.8382352941176471,
    "f1": 0.45,
    "roc_auc": 0.8290971822886716
  }
}