{
  "0": {
    "precision": 0.3,
    "recall": 0.30612244897959184,
    "f1-score": 0.30303030303030304,
    "support": 49.0
  },
  "1": {
    "precision": 0.6944444444444444,
    "recall": 0.7009345794392523,
    "f1-score": 0.6976744186046512,
    "support": 428.0
  },
  "2": {
    "precision": 0.6844036697247706,
    "recall": 0.6578483245149912,
    "f1-score": 0.670863309352518,
    "support": 567.0
  },
  "3": {
    "precision": 0.5973451327433629,
    "recall": 0.625,
    "f1-score": 0.6108597285067874,
    "support": 216.0
  },
  "4": {
    "precision": 0.46808510638297873,
    "recall": 0.55,
    "f1-score": 0.5057471264367817,
    "support": 40.0
  },
  "accuracy": 0.65,
  "macro avg": {
    "precision": 0.5488556706591113,
    "recall": 0.5679810705867672,
    "f1-score": 0.5576349771862082,
    "support": 1300.0
  },
  "weighted avg": {
    "precision": 0.6520992737569635,
    "recall": 0.65,
    "f1-score": 0.6507755529454543,
    "support": 1300.0
  }
}