{
  "0": {
    "precision": 0.38636363636363635,
    "recall": 0.3469387755102041,
    "f1-score": 0.3655913978494624,
    "support": 49.0
  },
  "1": {
    "precision": 0.7380352644836272,
    "recall": 0.6845794392523364,
    "f1-score": 0.7103030303030303,
    "support": 428.0
  },
  "2": {
    "precision": 0.6739469578783152,
    "recall": 0.7619047619047619,
    "f1-score": 0.7152317880794702,
    "support": 567.0
  },
  "3": {
    "precision": 0.7361963190184049,
    "recall": 0.5555555555555556,
    "f1-score": 0.633245382585752,
    "support": 216.0
  },
  "4": {
    "precision": 0.41818181818181815,
    "recall": 0.575,
    "f1-score": 0.4842105263157895,
    "support": 40.0
  },
  "accuracy": 0.6807692307692308,
  "macro avg": {
    "precision": 0.5905447991851605,
    "recall": 0.5847957064445716,
    "f1-score": 0.5817164250267008,
    "support": 1300.0
  },
  "weighted avg": {
    "precision": 0.6866803954869719,
    "recall": 0.6807692307692308,
    "f1-score": 0.6796996330742571,
    "support": 1300.0
  }
}