{
  "0": {
    "precision": 0.2807017543859649,
    "recall": 0.32653061224489793,
    "f1-score": 0.3018867924528302,
    "support": 49.0
  },
  "1": {
    "precision": 0.7344913151364765,
    "recall": 0.6915887850467289,
    "f1-score": 0.7123947051744886,
    "support": 428.0
  },
  "2": {
    "precision": 0.6862416107382551,
    "recall": 0.7213403880070547,
    "f1-score": 0.70335339638865,
    "support": 567.0
  },
  "3": {
    "precision": 0.6363636363636364,
    "recall": 0.5833333333333334,
    "f1-score": 0.6086956521739131,
    "support": 216.0
  },
  "4": {
    "precision": 0.5,
    "recall": 0.575,
    "f1-score": 0.5348837209302325,
    "support": 40.0
  },
  "accuracy": 0.6692307692307692,
  "macro avg": {
    "precision": 0.5675596633248665,
    "recall": 0.5795586237264031,
    "f1-score": 0.5722428534240229,
    "support": 1300.0
  },
  "weighted avg": {
    "precision": 0.6728232366049695,
    "recall": 0.6692307692307692,
    "f1-score": 0.6702864400800068,
    "support": 1300.0
  }
}