{
  "0": {
    "precision": 0.32653061224489793,
    "recall": 0.32653061224489793,
    "f1-score": 0.32653061224489793,
    "support": 49.0
  },
  "1": {
    "precision": 0.7532808398950132,
    "recall": 0.6705607476635514,
    "f1-score": 0.7095179233621756,
    "support": 428.0
  },
  "2": {
    "precision": 0.668693009118541,
    "recall": 0.7760141093474426,
    "f1-score": 0.7183673469387755,
    "support": 567.0
  },
  "3": {
    "precision": 0.7267080745341615,
    "recall": 0.5416666666666666,
    "f1-score": 0.6206896551724138,
    "support": 216.0
  },
  "4": {
    "precision": 0.43137254901960786,
    "recall": 0.55,
    "f1-score": 0.4835164835164835,
    "support": 40.0
  },
  "accuracy": 0.6784615384615384,
  "macro avg": {
    "precision": 0.5813170169624444,
    "recall": 0.5729544271845117,
    "f1-score": 0.5717244042469493,
    "support": 1300.0
  },
  "weighted avg": {
    "precision": 0.6859822936195704,
    "recall": 0.6784615384615384,
    "f1-score": 0.6772289090547674,
    "support": 1300.0
  }
}